{"global_step": 448, "train/4.mask": 0.9271436929702759, "test/1.test_acc": 95.18000030517578, "_step": 411, "_runtime": 133646.86265277863, "_timestamp": 1670841936.9001198, "test/2.test_loss": 0.21456658840179443, "train/1.train_loss": 0.18976949155330658, "train/2.train_loss_x": 0.0042314776219427586, "train/3.train_loss_u": 0.18553800880908966}